donor_chain,donor_aapos,donor_aa,donor_pos,donor_atom,receptor_chain,receptor_aapos,receptor_aa,receptor_pos,receptor_atom,distance
S1RBD,ASN487,ASN,487,ND2,hACE2,GLN24,GLN,24,OE1,2.95
hACE2,HIS34,HIS,34,ND1,S1RBD,TYR453,TYR,453,OH,2.77
S1RBD,GLN493,GLN,493,NE2,hACE2,HIS34,HIS,34,NE2,2.89
S1RBD,TYR505,TYR,505,OH,hACE2,GLU37,GLU,37,OE2,2.76
S1RBD,GLN498,GLN,498,NE2,hACE2,GLN42,GLN,42,OE1,2.97
hACE2,LYS353,LYS,353,NZ,S1RBD,GLY496,GLY,496,O,3.20
hACE2,LYS353,LYS,353,NZ,S1RBD,TYR501,TYR,501,OH,3.10
S1RBD,GLY502,GLY,502,N,hACE2,GLY354,GLY,354,O,3.08
S1RBD,THR500,THR,500,OG1,hACE2,ASP355,ASP,355,OD2,2.80
