atom1_chain,atom1_aapos,atom1_aa,atom1_pos,atom1_atom,atom2_chain,atom2_aapos,atom2_aa,atom2_pos,atom2_atom,distance
S1RBD,GLN474,GLN,474,O,hACE2,GLU23,GLU,23,CA,3.69
S1RBD,GLN474,GLN,474,O,hACE2,GLU23,GLU,23,CB,3.62
S1RBD,GLY476,GLY,476,N,hACE2,GLU23,GLU,23,CB,3.50
S1RBD,GLN474,GLN,474,CB,hACE2,GLU23,GLU,23,OE1,3.65
S1RBD,GLN474,GLN,474,CG,hACE2,GLU23,GLU,23,OE1,3.68
S1RBD,GLN474,GLN,474,O,hACE2,GLU23,GLU,23,C,3.43
S1RBD,GLN474,GLN,474,O,hACE2,GLU23,GLU,23,O,2.96
S1RBD,PHE486,PHE,486,CD1,hACE2,GLN24,GLN,24,CB,3.77
S1RBD,GLY476,GLY,476,N,hACE2,GLN24,GLN,24,CG,3.72
S1RBD,GLY476,GLY,476,O,hACE2,GLN24,GLN,24,CG,3.23
S1RBD,PHE486,PHE,486,CD1,hACE2,GLN24,GLN,24,CG,3.55
S1RBD,GLY476,GLY,476,O,hACE2,GLN24,GLN,24,CD,3.57
S1RBD,GLY476,GLY,476,O,hACE2,GLN24,GLN,24,OE1,3.69
S1RBD,ASN477,ASN,477,OD1,hACE2,GLN24,GLN,24,OE1,3.78
S1RBD,PHE486,PHE,486,CE1,hACE2,GLN24,GLN,24,O,3.85
S1RBD,TYR473,TYR,473,OH,hACE2,LYS26,LYS,26,CG,3.80
S1RBD,TYR473,TYR,473,CZ,hACE2,LYS26,LYS,26,CE,3.90
S1RBD,TYR473,TYR,473,OH,hACE2,LYS26,LYS,26,CE,3.66
S1RBD,GLN474,GLN,474,OE1,hACE2,LYS26,LYS,26,CE,3.83
S1RBD,TYR473,TYR,473,OH,hACE2,LYS26,LYS,26,NZ,3.76
S1RBD,GLN474,GLN,474,O,hACE2,THR27,THR,27,CB,3.84
S1RBD,ASN487,ASN,487,O,hACE2,THR27,THR,27,CB,3.59
S1RBD,PHE456,PHE,456,CE1,hACE2,THR27,THR,27,OG1,3.15
S1RBD,PHE456,PHE,456,CZ,hACE2,THR27,THR,27,OG1,3.35
S1RBD,TYR473,TYR,473,CD2,hACE2,THR27,THR,27,OG1,3.59
S1RBD,TYR473,TYR,473,CE2,hACE2,THR27,THR,27,OG1,3.89
S1RBD,CYS480,CYS,480,SG,hACE2,THR27,THR,27,OG1,3.10
S1RBD,ALA475,ALA,475,CB,hACE2,THR27,THR,27,CG2,3.85
S1RBD,PHE486,PHE,486,O,hACE2,THR27,THR,27,CG2,3.12
S1RBD,ASN487,ASN,487,O,hACE2,THR27,THR,27,CG2,3.35
S1RBD,ASN487,ASN,487,O,hACE2,THR27,THR,27,C,3.37
S1RBD,PHE456,PHE,456,CZ,hACE2,THR27,THR,27,O,3.87
S1RBD,ASN487,ASN,487,O,hACE2,THR27,THR,27,O,2.84
S1RBD,ASN487,ASN,487,ND2,hACE2,PHE28,PHE,28,CD2,3.42
S1RBD,ASN417,ASN,417,ND2,hACE2,ASP30,ASP,30,CB,3.70
S1RBD,PHE456,PHE,456,CE2,hACE2,ASP30,ASP,30,CB,3.55
S1RBD,ASN417,ASN,417,ND2,hACE2,ASP30,ASP,30,CG,3.07
S1RBD,TYR473,TYR,473,OH,hACE2,ASP30,ASP,30,CG,3.76
S1RBD,ASN417,ASN,417,CB,hACE2,ASP30,ASP,30,OD1,3.64
S1RBD,ASN417,ASN,417,CG,hACE2,ASP30,ASP,30,OD1,3.88
S1RBD,ASN417,ASN,417,ND2,hACE2,ASP30,ASP,30,OD1,3.17
S1RBD,ASN417,ASN,417,ND2,hACE2,ASP30,ASP,30,OD2,3.08
S1RBD,TYR473,TYR,473,CE2,hACE2,ASP30,ASP,30,OD2,3.90
S1RBD,TYR473,TYR,473,CZ,hACE2,ASP30,ASP,30,OD2,3.52
S1RBD,ASN487,ASN,487,O,hACE2,LYS31,LYS,31,CB,3.81
S1RBD,CYS488,CYS,488,C,hACE2,LYS31,LYS,31,CG,3.68
S1RBD,CYS488,CYS,488,O,hACE2,LYS31,LYS,31,CG,3.49
S1RBD,ASN487,ASN,487,ND2,hACE2,LYS31,LYS,31,CD,3.86
S1RBD,CYS488,CYS,488,O,hACE2,LYS31,LYS,31,CE,3.18
S1RBD,TYR489,TYR,489,CG,hACE2,HIS34,HIS,34,CB,3.88
S1RBD,TYR489,TYR,489,CD2,hACE2,HIS34,HIS,34,CB,3.67
S1RBD,TYR489,TYR,489,CE2,hACE2,HIS34,HIS,34,CB,3.66
S1RBD,TYR489,TYR,489,CZ,hACE2,HIS34,HIS,34,CB,3.79
S1RBD,TYR489,TYR,489,CB,hACE2,HIS34,HIS,34,ND1,3.72
S1RBD,TYR489,TYR,489,CG,hACE2,HIS34,HIS,34,ND1,3.37
S1RBD,TYR489,TYR,489,CD1,hACE2,HIS34,HIS,34,ND1,3.44
S1RBD,ASN417,ASN,417,CB,hACE2,HIS34,HIS,34,CE1,3.71
S1RBD,ASN417,ASN,417,CG,hACE2,HIS34,HIS,34,CE1,3.50
S1RBD,ASN417,ASN,417,OD1,hACE2,HIS34,HIS,34,CE1,3.62
S1RBD,ASN417,ASN,417,ND2,hACE2,HIS34,HIS,34,CE1,3.87
S1RBD,LEU455,LEU,455,CD2,hACE2,HIS34,HIS,34,CE1,3.73
S1RBD,PHE456,PHE,456,CE2,hACE2,HIS34,HIS,34,CE1,3.69
S1RBD,ASN417,ASN,417,CB,hACE2,HIS34,HIS,34,NE2,3.23
S1RBD,ASN417,ASN,417,CG,hACE2,HIS34,HIS,34,NE2,3.56
S1RBD,ASN417,ASN,417,OD1,hACE2,HIS34,HIS,34,NE2,3.86
S1RBD,LEU455,LEU,455,CD2,hACE2,HIS34,HIS,34,NE2,3.57
S1RBD,ARG493,ARG,493,NH1,hACE2,HIS34,HIS,34,C,3.56
S1RBD,ARG493,ARG,493,CZ,hACE2,HIS34,HIS,34,O,3.65
S1RBD,ARG493,ARG,493,NH1,hACE2,HIS34,HIS,34,O,3.13
S1RBD,ARG493,ARG,493,NH2,hACE2,HIS34,HIS,34,O,3.68
S1RBD,TYR489,TYR,489,CE2,hACE2,GLU35,GLU,35,CG,3.75
S1RBD,ARG493,ARG,493,NH2,hACE2,GLU37,GLU,37,CD,3.80
S1RBD,ILE418,ILE,418,CD,hACE2,GLU37,GLU,37,OE1,3.66
S1RBD,ARG493,ARG,493,CZ,hACE2,ASP38,ASP,38,OD1,3.85
S1RBD,ARG493,ARG,493,NH2,hACE2,ASP38,ASP,38,OD1,3.50
S1RBD,ARG498,ARG,498,NH2,hACE2,TYR41,TYR,41,CB,3.69
S1RBD,TYR501,TYR,501,OH,hACE2,TYR41,TYR,41,CB,3.75
S1RBD,ARG498,ARG,498,NH2,hACE2,TYR41,TYR,41,CG,3.52
S1RBD,TYR501,TYR,501,OH,hACE2,TYR41,TYR,41,CD1,3.47
S1RBD,ARG498,ARG,498,NH2,hACE2,TYR41,TYR,41,CD2,3.06
S1RBD,HIS505,HIS,505,CE1,hACE2,TYR41,TYR,41,CE1,3.48
S1RBD,HIS505,HIS,505,NE2,hACE2,TYR41,TYR,41,CE1,3.41
S1RBD,TYR449,TYR,449,OH,hACE2,TYR41,TYR,41,CE2,3.88
S1RBD,ARG498,ARG,498,NH2,hACE2,TYR41,TYR,41,CE2,3.43
S1RBD,HIS505,HIS,505,NE2,hACE2,TYR41,TYR,41,CZ,3.58
S1RBD,GLY496,GLY,496,O,hACE2,TYR41,TYR,41,OH,3.79
S1RBD,HIS505,HIS,505,CD2,hACE2,TYR41,TYR,41,OH,3.29
S1RBD,HIS505,HIS,505,CE1,hACE2,TYR41,TYR,41,OH,3.75
S1RBD,TYR501,TYR,501,OH,hACE2,LEU45,LEU,45,CD2,3.69
S1RBD,LYS444,LYS,444,C,hACE2,VAL59,VAL,59,CG2,3.53
S1RBD,LYS444,LYS,444,O,hACE2,VAL59,VAL,59,CG2,3.19
S1RBD,GLY446,GLY,446,CA,hACE2,VAL59,VAL,59,C,3.80
S1RBD,GLY446,GLY,446,CA,hACE2,VAL59,VAL,59,O,3.15
S1RBD,THR500,THR,500,O,hACE2,GLN60,GLN,60,CB,3.65
S1RBD,VAL445,VAL,445,C,hACE2,GLN60,GLN,60,CG,3.67
S1RBD,VAL445,VAL,445,O,hACE2,GLN60,GLN,60,CG,3.35
S1RBD,LYS444,LYS,444,CA,hACE2,GLN60,GLN,60,CD,3.86
S1RBD,LYS444,LYS,444,C,hACE2,GLN60,GLN,60,CD,3.88
S1RBD,VAL445,VAL,445,N,hACE2,GLN60,GLN,60,CD,3.57
S1RBD,VAL445,VAL,445,O,hACE2,GLN60,GLN,60,CD,3.89
S1RBD,THR500,THR,500,N,hACE2,GLN60,GLN,60,CD,3.69
S1RBD,THR500,THR,500,OG1,hACE2,GLN60,GLN,60,CD,3.66
S1RBD,THR500,THR,500,O,hACE2,GLN60,GLN,60,CD,3.68
S1RBD,SER443,SER,443,O,hACE2,GLN60,GLN,60,OE1,3.77
S1RBD,VAL445,VAL,445,N,hACE2,GLN60,GLN,60,OE1,3.71
S1RBD,VAL445,VAL,445,O,hACE2,GLN60,GLN,60,OE1,3.86
S1RBD,ARG498,ARG,498,C,hACE2,GLN60,GLN,60,OE1,3.83
S1RBD,PRO499,PRO,499,N,hACE2,GLN60,GLN,60,OE1,3.35
S1RBD,PRO499,PRO,499,CA,hACE2,GLN60,GLN,60,OE1,3.89
S1RBD,PRO499,PRO,499,CD,hACE2,GLN60,GLN,60,OE1,3.09
S1RBD,PRO499,PRO,499,C,hACE2,GLN60,GLN,60,OE1,3.70
S1RBD,THR500,THR,500,CA,hACE2,GLN60,GLN,60,OE1,3.37
S1RBD,THR500,THR,500,CB,hACE2,GLN60,GLN,60,OE1,3.80
S1RBD,THR500,THR,500,OG1,hACE2,GLN60,GLN,60,OE1,3.23
S1RBD,THR500,THR,500,C,hACE2,GLN60,GLN,60,OE1,3.63
S1RBD,THR500,THR,500,O,hACE2,GLN60,GLN,60,OE1,3.71
S1RBD,LYS444,LYS,444,CA,hACE2,GLN60,GLN,60,NE2,3.72
S1RBD,LYS444,LYS,444,CG,hACE2,GLN60,GLN,60,NE2,3.68
S1RBD,THR500,THR,500,O,hACE2,GLN60,GLN,60,NE2,3.47
S1RBD,TYR501,TYR,501,CD2,hACE2,GLN60,GLN,60,O,3.54
S1RBD,TYR501,TYR,501,CE2,hACE2,GLN60,GLN,60,O,3.11
S1RBD,TYR501,TYR,501,O,hACE2,ASN61,ASN,61,OD1,3.43
S1RBD,PHE486,PHE,486,CE1,hACE2,TYR83,TYR,83,OH,3.14
S1RBD,PHE486,PHE,486,CZ,hACE2,TYR83,TYR,83,OH,3.22
S1RBD,PRO373,PRO,373,CB,hACE2,GLY319,GLY,319,O,3.89
S1RBD,PRO373,PRO,373,CG,hACE2,GLY319,GLY,319,O,3.63
S1RBD,PRO373,PRO,373,CG,hACE2,LEU320,LEU,320,C,3.88
S1RBD,PRO373,PRO,373,CG,hACE2,LEU320,LEU,320,O,3.20
S1RBD,PRO373,PRO,373,CG,hACE2,ASN322,ASN,322,N,3.78
S1RBD,PRO373,PRO,373,O,hACE2,ASN322,ASN,322,CB,3.49
S1RBD,PRO373,PRO,373,O,hACE2,ASN322,ASN,322,ND2,3.70
S1RBD,ASN437,ASN,437,ND2,hACE2,THR324,THR,324,CA,3.81
S1RBD,VAL503,VAL,503,CG1,hACE2,THR324,THR,324,OG1,3.63
S1RBD,PHE375,PHE,375,CD1,hACE2,THR324,THR,324,CG2,3.24
S1RBD,PHE375,PHE,375,CE1,hACE2,THR324,THR,324,CG2,3.57
S1RBD,ASN437,ASN,437,CG,hACE2,THR324,THR,324,CG2,3.87
S1RBD,ASN437,ASN,437,OD1,hACE2,THR324,THR,324,CG2,3.80
S1RBD,ASN437,ASN,437,ND2,hACE2,THR324,THR,324,CG2,3.87
S1RBD,ASN439,ASN,439,CB,hACE2,GLN325,GLN,325,CD,3.56
S1RBD,ASN437,ASN,437,O,hACE2,GLN325,GLN,325,OE1,3.18
S1RBD,ASN439,ASN,439,N,hACE2,GLN325,GLN,325,OE1,3.68
S1RBD,ASN439,ASN,439,CB,hACE2,GLN325,GLN,325,NE2,3.25
S1RBD,ASN439,ASN,439,ND2,hACE2,GLN325,GLN,325,NE2,3.82
S1RBD,ASN439,ASN,439,CB,hACE2,GLY326,GLY,326,N,3.67
S1RBD,ASN439,ASN,439,CB,hACE2,GLY326,GLY,326,CA,3.81
S1RBD,ASN439,ASN,439,CG,hACE2,GLY326,GLY,326,CA,3.67
S1RBD,ASN439,ASN,439,OD1,hACE2,GLY326,GLY,326,CA,3.87
S1RBD,GLY502,GLY,502,O,hACE2,GLY326,GLY,326,CA,3.47
S1RBD,GLY502,GLY,502,O,hACE2,GLY326,GLY,326,C,3.18
S1RBD,GLY502,GLY,502,O,hACE2,GLY326,GLY,326,O,3.69
S1RBD,GLY502,GLY,502,O,hACE2,PHE327,PHE,327,N,3.25
S1RBD,VAL503,VAL,503,CG2,hACE2,PHE327,PHE,327,CB,3.89
S1RBD,ASN439,ASN,439,ND2,hACE2,GLU329,GLU,329,CB,3.45
S1RBD,ASN439,ASN,439,ND2,hACE2,GLU329,GLU,329,OE1,3.48
S1RBD,LEU441,LEU,441,CD1,hACE2,GLU329,GLU,329,OE1,3.21
S1RBD,TYR501,TYR,501,O,hACE2,ASN330,ASN,330,CB,3.90
S1RBD,GLY502,GLY,502,O,hACE2,ASN330,ASN,330,CB,3.90
S1RBD,ASN439,ASN,439,OD1,hACE2,ASN330,ASN,330,CG,3.71
S1RBD,GLN506,GLN,506,NE2,hACE2,ASN330,ASN,330,CG,3.61
S1RBD,ASN439,ASN,439,OD1,hACE2,ASN330,ASN,330,OD1,3.77
S1RBD,THR500,THR,500,CG2,hACE2,ASN330,ASN,330,OD1,3.64
S1RBD,THR500,THR,500,C,hACE2,ASN330,ASN,330,OD1,3.63
S1RBD,THR500,THR,500,O,hACE2,ASN330,ASN,330,OD1,3.87
S1RBD,TYR501,TYR,501,N,hACE2,ASN330,ASN,330,OD1,3.34
S1RBD,TYR501,TYR,501,C,hACE2,ASN330,ASN,330,OD1,3.66
S1RBD,TYR501,TYR,501,O,hACE2,ASN330,ASN,330,OD1,3.42
S1RBD,GLN506,GLN,506,NE2,hACE2,ASN330,ASN,330,OD1,3.39
S1RBD,ASN439,ASN,439,CG,hACE2,ASN330,ASN,330,ND2,3.10
S1RBD,ASN439,ASN,439,ND2,hACE2,ASN330,ASN,330,ND2,3.32
S1RBD,GLY502,GLY,502,O,hACE2,ASN330,ASN,330,ND2,3.73
S1RBD,GLN506,GLN,506,NE2,hACE2,ASN330,ASN,330,ND2,3.24
S1RBD,TYR501,TYR,501,CD1,hACE2,LEU351,LEU,351,CB,3.79
S1RBD,TYR501,TYR,501,CE1,hACE2,LEU351,LEU,351,CB,3.54
S1RBD,TYR501,TYR,501,CZ,hACE2,LEU351,LEU,351,CB,3.75
S1RBD,TYR501,TYR,501,CG,hACE2,LEU351,LEU,351,CD2,3.88
S1RBD,TYR501,TYR,501,CD2,hACE2,LEU351,LEU,351,CD2,3.44
S1RBD,TYR501,TYR,501,CE2,hACE2,LEU351,LEU,351,CD2,3.69
S1RBD,TYR501,TYR,501,O,hACE2,LEU351,LEU,351,CD2,3.69
S1RBD,TYR501,TYR,501,CE1,hACE2,LEU351,LEU,351,C,3.52
S1RBD,TYR501,TYR,501,CZ,hACE2,LEU351,LEU,351,C,3.86
S1RBD,TYR501,TYR,501,OH,hACE2,LEU351,LEU,351,C,3.48
S1RBD,TYR501,TYR,501,CE1,hACE2,LEU351,LEU,351,O,3.56
S1RBD,TYR501,TYR,501,CZ,hACE2,LEU351,LEU,351,O,3.52
S1RBD,TYR501,TYR,501,CE1,hACE2,GLY352,GLY,352,N,3.72
S1RBD,TYR501,TYR,501,CE1,hACE2,GLY352,GLY,352,CA,3.77
S1RBD,HIS505,HIS,505,CE1,hACE2,LYS353,LYS,353,N,3.83
S1RBD,HIS505,HIS,505,CE1,hACE2,LYS353,LYS,353,CB,3.84
S1RBD,HIS505,HIS,505,CE1,hACE2,LYS353,LYS,353,CD,3.77
S1RBD,ILE418,ILE,418,CD,hACE2,LYS353,LYS,353,NZ,3.45
S1RBD,GLY504,GLY,504,N,hACE2,GLY354,GLY,354,C,3.86
S1RBD,VAL503,VAL,503,CB,hACE2,GLY354,GLY,354,O,3.21
S1RBD,VAL503,VAL,503,CG2,hACE2,GLY354,GLY,354,O,3.56
S1RBD,VAL503,VAL,503,N,hACE2,ASP355,ASP,355,CA,3.56
S1RBD,TYR501,TYR,501,CD1,hACE2,ASP355,ASP,355,CB,3.82
S1RBD,TYR501,TYR,501,CD1,hACE2,ASP355,ASP,355,CG,3.52
S1RBD,GLY504,GLY,504,N,hACE2,ASP355,ASP,355,CG,3.52
S1RBD,GLY504,GLY,504,CA,hACE2,ASP355,ASP,355,CG,3.81
S1RBD,HIS505,HIS,505,N,hACE2,ASP355,ASP,355,CG,3.48
S1RBD,HIS505,HIS,505,ND1,hACE2,ASP355,ASP,355,CG,3.54
S1RBD,TYR501,TYR,501,CD1,hACE2,ASP355,ASP,355,OD1,3.33
S1RBD,GLY502,GLY,502,N,hACE2,ASP355,ASP,355,OD1,3.46
S1RBD,GLY502,GLY,502,CA,hACE2,ASP355,ASP,355,OD1,3.75
S1RBD,VAL503,VAL,503,C,hACE2,ASP355,ASP,355,OD1,3.61
S1RBD,GLY504,GLY,504,N,hACE2,ASP355,ASP,355,OD1,3.19
S1RBD,GLY504,GLY,504,CA,hACE2,ASP355,ASP,355,OD1,3.55
S1RBD,GLY504,GLY,504,C,hACE2,ASP355,ASP,355,OD1,3.65
S1RBD,HIS505,HIS,505,CA,hACE2,ASP355,ASP,355,OD1,3.74
S1RBD,HIS505,HIS,505,CB,hACE2,ASP355,ASP,355,OD1,3.66
S1RBD,HIS505,HIS,505,ND1,hACE2,ASP355,ASP,355,OD1,3.66
S1RBD,GLN506,GLN,506,OE1,hACE2,ASP355,ASP,355,OD1,3.49
S1RBD,GLY504,GLY,504,N,hACE2,ASP355,ASP,355,OD2,3.74
S1RBD,GLY504,GLY,504,CA,hACE2,ASP355,ASP,355,OD2,3.60
S1RBD,HIS505,HIS,505,N,hACE2,ASP355,ASP,355,OD2,3.44
S1RBD,HIS505,HIS,505,CE1,hACE2,ASP355,ASP,355,OD2,3.66
S1RBD,GLY502,GLY,502,CA,hACE2,ASP355,ASP,355,C,3.72
S1RBD,GLY502,GLY,502,CA,hACE2,ASP355,ASP,355,O,3.71
S1RBD,VAL503,VAL,503,CG2,hACE2,PHE356,PHE,356,N,3.63
S1RBD,GLY502,GLY,502,CA,hACE2,PHE356,PHE,356,O,3.71
S1RBD,GLY502,GLY,502,C,hACE2,PHE356,PHE,356,O,3.75
S1RBD,GLY502,GLY,502,O,hACE2,PHE356,PHE,356,O,3.89
S1RBD,VAL503,VAL,503,CG2,hACE2,PHE356,PHE,356,O,3.42
S1RBD,TYR501,TYR,501,O,hACE2,ARG357,ARG,357,CG,3.78
S1RBD,TYR501,TYR,501,O,hACE2,ARG357,ARG,357,CD,3.78
S1RBD,TYR501,TYR,501,O,hACE2,ARG357,ARG,357,CZ,3.44
S1RBD,PHE375,PHE,375,CE1,hACE2,MET383,MET,383,CA,3.60
S1RBD,PHE375,PHE,375,CE1,hACE2,MET383,MET,383,CB,3.80
S1RBD,PHE375,PHE,375,CG,hACE2,MET383,MET,383,O,3.74
S1RBD,PHE375,PHE,375,CD1,hACE2,MET383,MET,383,O,3.25
S1RBD,PHE375,PHE,375,CE1,hACE2,MET383,MET,383,O,3.40
S1RBD,ALA376,ALA,376,CA,hACE2,ALA384,ALA,384,O,3.73
S1RBD,ALA376,ALA,376,C,hACE2,ALA384,ALA,384,O,3.73
S1RBD,ALA376,ALA,376,O,hACE2,ALA384,ALA,384,O,3.09
S1RBD,SER408,SER,408,OG,hACE2,TYR385,TYR,385,C,3.57
S1RBD,SER408,SER,408,CB,hACE2,TYR385,TYR,385,O,3.46
S1RBD,PHE375,PHE,375,CE2,hACE2,ALA386,ALA,386,CA,3.86
S1RBD,GLY404,GLY,404,O,hACE2,ALA386,ALA,386,CB,3.56
S1RBD,SER408,SER,408,CB,hACE2,ALA386,ALA,386,CB,3.71
S1RBD,GLY404,GLY,404,O,hACE2,ALA386,ALA,386,C,3.78
S1RBD,GLY404,GLY,404,O,hACE2,ALA386,ALA,386,O,3.40
S1RBD,SER408,SER,408,CB,hACE2,ALA386,ALA,386,O,3.21
S1RBD,SER408,SER,408,OG,hACE2,ALA386,ALA,386,O,3.50
S1RBD,GLY404,GLY,404,C,hACE2,ALA387,ALA,387,O,3.88
S1RBD,ASN405,ASN,405,N,hACE2,ALA387,ALA,387,O,3.40
S1RBD,ASN405,ASN,405,CA,hACE2,ALA387,ALA,387,O,3.51
S1RBD,SER408,SER,408,CB,hACE2,GLN388,GLN,388,CD,3.65
S1RBD,SER408,SER,408,OG,hACE2,GLN388,GLN,388,CD,3.60
S1RBD,GLN409,GLN,409,NE2,hACE2,GLN388,GLN,388,CD,3.73
S1RBD,GLN414,GLN,414,NE2,hACE2,GLN388,GLN,388,CD,3.80
S1RBD,SER408,SER,408,CB,hACE2,GLN388,GLN,388,OE1,3.88
S1RBD,SER408,SER,408,OG,hACE2,GLN388,GLN,388,OE1,3.72
S1RBD,GLN414,GLN,414,CG,hACE2,GLN388,GLN,388,OE1,3.49
S1RBD,GLN414,GLN,414,CD,hACE2,GLN388,GLN,388,OE1,3.71
S1RBD,ASN405,ASN,405,CA,hACE2,GLN388,GLN,388,NE2,3.18
S1RBD,ASN405,ASN,405,CB,hACE2,GLN388,GLN,388,NE2,3.87
S1RBD,ASN405,ASN,405,OD1,hACE2,GLN388,GLN,388,NE2,3.77
S1RBD,ASN405,ASN,405,C,hACE2,GLN388,GLN,388,NE2,3.83
S1RBD,ASN405,ASN,405,O,hACE2,GLN388,GLN,388,NE2,3.43
S1RBD,SER408,SER,408,CB,hACE2,GLN388,GLN,388,NE2,3.67
S1RBD,GLN409,GLN,409,NE2,hACE2,GLN388,GLN,388,NE2,3.56
S1RBD,ASN405,ASN,405,OD1,hACE2,PRO389,PRO,389,CG,3.75
S1RBD,ASN405,ASN,405,OD1,hACE2,PRO389,PRO,389,CD,3.72
S1RBD,ASN405,ASN,405,OD1,hACE2,LEU392,LEU,392,CD1,3.36
S1RBD,GLN409,GLN,409,NE2,hACE2,LEU392,LEU,392,CD1,3.38
S1RBD,THR415,THR,415,O,hACE2,LEU392,LEU,392,CD2,3.76
S1RBD,PHE371,PHE,371,CB,hACE2,THR548,THR,548,C,3.89
S1RBD,PHE371,PHE,371,CB,hACE2,THR548,THR,548,O,3.01
S1RBD,PHE371,PHE,371,CG,hACE2,THR548,THR,548,O,3.52
S1RBD,PHE371,PHE,371,CD1,hACE2,THR548,THR,548,O,3.88
S1RBD,THR385,THR,385,OG1,hACE2,GLU549,GLU,549,CG,3.85
S1RBD,PHE371,PHE,371,CD1,hACE2,GLY551,GLY,551,C,3.72
S1RBD,PHE371,PHE,371,CD1,hACE2,GLN552,GLN,552,N,3.27
S1RBD,PHE371,PHE,371,CE1,hACE2,GLN552,GLN,552,N,3.60
S1RBD,PHE371,PHE,371,CD1,hACE2,GLN552,GLN,552,CA,3.72
S1RBD,PHE371,PHE,371,CE1,hACE2,GLN552,GLN,552,CA,3.68
S1RBD,PHE371,PHE,371,CG,hACE2,GLN552,GLN,552,CB,3.79
S1RBD,PHE371,PHE,371,CD1,hACE2,GLN552,GLN,552,CB,3.84
S1RBD,PHE371,PHE,371,CD2,hACE2,GLN552,GLN,552,CB,3.79
S1RBD,PHE371,PHE,371,CD2,hACE2,GLN552,GLN,552,CG,3.69
S1RBD,PHE371,PHE,371,CE2,hACE2,GLN552,GLN,552,CG,3.62
S1RBD,PHE371,PHE,371,CZ,hACE2,GLN552,GLN,552,CG,3.88
S1RBD,PRO384,PRO,384,CG,hACE2,GLN552,GLN,552,NE2,3.52
S1RBD,PRO384,PRO,384,CD,hACE2,GLN552,GLN,552,NE2,3.60
S1RBD,PRO373,PRO,373,CB,hACE2,PHE555,PHE,555,CD2,3.80
S1RBD,ALA376,ALA,376,O,hACE2,PHE555,PHE,555,CE1,3.66
S1RBD,PHE377,PHE,377,CB,hACE2,PHE555,PHE,555,CE1,3.33
S1RBD,PHE377,PHE,377,O,hACE2,PHE555,PHE,555,CE1,3.53
S1RBD,ALA376,ALA,376,O,hACE2,PHE555,PHE,555,CZ,3.69
S1RBD,PHE377,PHE,377,CB,hACE2,PHE555,PHE,555,CZ,3.74
S1RBD,ALA376,ALA,376,O,hACE2,ARG559,ARG,559,CD,3.70
S1RBD,LYS378,LYS,378,CG,hACE2,ARG559,ARG,559,CD,3.89
S1RBD,PHE377,PHE,377,C,hACE2,ARG559,ARG,559,NH1,3.70
S1RBD,LYS378,LYS,378,CA,hACE2,ARG559,ARG,559,NH1,3.48
S1RBD,CYS379,CYS,379,N,hACE2,ARG559,ARG,559,NH1,3.81
S1RBD,GLN414,GLN,414,OE1,hACE2,GLY561,GLY,561,CA,3.85
S1RBD,GLN414,GLN,414,OE1,hACE2,GLY561,GLY,561,C,3.63
S1RBD,GLN414,GLN,414,OE1,hACE2,LYS562,LYS,562,CA,3.62
S1RBD,GLN414,GLN,414,OE1,hACE2,LYS562,LYS,562,CB,3.34
S1RBD,GLN414,GLN,414,OE1,hACE2,SER563,SER,563,N,3.47
S1RBD,GLY413,GLY,413,O,hACE2,SER563,SER,563,CB,3.82
S1RBD,GLY413,GLY,413,O,hACE2,SER563,SER,563,OG,3.73
